source,citation,relation,ID,title,authors,journal,year,fulltext_online_link,fulltext_location
10.2105~AJPH.67.11.1063.pdf,"Current Trends. Influenza-United States. Morbidity and Mortality Weekly Report, 25:47, 1976, Center for Disease Control, Atlanta, GA.",references,NOT found in MAS
10.2105~AJPH.67.11.1063.pdf,"Recommendations of the Public Health Service Advisory Committee on Immunization Practices. Influenza Vaccine-Preliminary Statement. Mortality and Morbidity Weekly Report, 25:165-166, 1976, Center for Disease Control, Atlanta, GA.",references,NOT found in MAS
10.2105~AJPH.67.11.1063.pdf,"Crosby, A. W. Epidemic and Peace, 1918, Westport, Connecticut: Greenwood Press, 1976.",references,NOT found in MAS
10.2105~AJPH.67.11.1063.pdf,"National Swine Flu Immunization Program of 1976. Public Law 94-380, 1976, U.S. Congress, Washington, DC.",references,NOT found in MAS
10.2105~AJPH.67.11.1063.pdf,"Public Law 94-266, 1976, U.S. Congress, Washington, DC.",references,NOT found in MAS
10.2105~AJPH.67.11.1063.pdf,"Boffey, P. M. Anatomy of a decision: How the nation declared war on Swine flu. Science 192:636-641, 1976.",references,10.1126/science.192.4240.636,Anatomy of a Decision: How the Nation Declared War on Swine Flu,"[[u'P.', u'M.', u'BOFFEY']]",Science,1976,[u'http://www.sciencemag.org/cgi/doi/10.1126/science.192.4240.636'],./output/10.2105~AJPH.67.11.1063.pdf/10.1126~science.192.4240.636
10.1126/science.192.4240.636,"Just, M., Bürgin-Wolff, A., Berger-Hernandez, R., et. al, A/New Jersey/76 influenza vaccine trial in seronegative schoolchildren: Comparison of a subunit vaccine with a whole-virus vaccine, Medical Microbiology and Immunology, 1978",cited-by,10.1007/BF02125496,A/New Jersey/76 influenza vaccine trial in seronegative schoolchildren: Comparison of a subunit vaccine with a whole-virus vaccine,"[['M.', '', 'Just'], ['A.', '', 'B\xc3\xbcrgin-Wolff'], ['R.', '', 'Berger-Hernandez'], ['A.', '', 'B\xc3\xa4chlin'], ['G.', '', 'Ritzel'], ['A.', 'J.', 'Moritz']]",Medical Microbiology and Immunology,1978,"[u'http://www.springerlink.com/index/u55w6610162l74g7.pdf', u'http://www.springerlink.com/content/u55w6610162l74g7', u'http://www.springerlink.com/index/10.1007/BF02125496', u'http://www.springerlink.com/index/pdf/10.1007/BF02125496']",./output/10.2105~AJPH.67.11.1063.pdf/citedby/10.1007~BF02125496
10.2105~AJPH.67.11.1063.pdf,"Boffey, P. M. Swine flu vaccination campaign: The scientific controversy mounts. Science 193:559-563, 1976.",references,10.1126/science.193.4253.559,Swine Flu Vaccination Campaign: The Scientific Controversy Mounts,"[[u'P.', u'M.', u'BOFFEY']]",Science,1976,[u'http://www.sciencemag.org/cgi/doi/10.1126/science.193.4253.559'],./output/10.2105~AJPH.67.11.1063.pdf/10.1126~science.193.4253.559
10.1126/science.193.4253.559,"JAMESIMPERATO, P., , THE UNITED STATES SWINE INFLUENZA IMMUNIZATION PROGRAM: A NEW YORK CITY PERSPECTIVE, , 0",cited-by,10195037THE UNITED STATES SWINE INFLUENZA IMMUNIZATION PROGRAM: A NEW YORK CITY PERSPECTIVE,THE UNITED STATES SWINE INFLUENZA IMMUNIZATION PROGRAM: A NEW YORK CITY PERSPECTIVE,"[['PASCAL', '', 'JAMESIMPERATO']]",,0,[u'http://shtcm.net/ref_h1n1/picrender.fcgi.pdf'],
10.2105~AJPH.67.11.1063.pdf,"Hattwick, M. A. W., O'Brien, R. J., Dowdle, W. R., Hoke, C. H. Pandemic Influenza, the Swine Influenza Virus, and the National Influenza Immunization Program, Center for Disease Control, Atlanta, GA, Mimeo, 1976.",references,11986737PANDEMIC INFLUENZA AND THE SWINE INFLUENZA VIRUS1,PANDEMIC INFLUENZA AND THE SWINE INFLUENZA VIRUS1,"[[u'M.', u'A. W.', u'Hattwick'], [u'R.', u'J', u""O'Brien""], [u'C.', u'H.', u'Hoke'], [u'W.', u'R.', u'Dowdle']]",,0,[],
10.2105~AJPH.67.11.1063.pdf,"Influenza-Respiratory Disease Surveillance. Report No. 90, 1976, Center for Disease Control, Atlanta, GA.",references,NOT found in MAS
10.2105~AJPH.67.11.1063.pdf,"Eickhoff, T. C., Sherman, I. L., and Serfling, R. E. Observations on excess mortality associated with epidemic influenza. JAMA 176:776-782, 1961.",references,NOT found in MAS
10.2105~AJPH.67.11.1063.pdf,"Collins, S. D. Excess Deaths from Pneumonia and Influenza and from Important Chronic Diseases During Epidemics. P.H.S. Monograph No. 10, Washington, DC: U.S. Government Printing Office, 1953.",references,NOT found in MAS
10.2105~AJPH.67.11.1063.pdf,"Collins, S. D. A review and Study of Illness and Medical Care. P.H.S. Monograph No. 48, Washington, DC: U.S. Government Printing Office, 1957.",references,NOT found in MAS
10.2105~AJPH.67.11.1063.pdf,"Langmuir, A. D. Surveillance of communicable diseases of national importance. N. Eng. J. Med. 268:182-192, 1963.",references,10.1056/NEJM196301242680405,The Surveillance of Communicable Diseases of National Importance,"[[u'Alexander', u'D.', u'Langmuir']]",New England Journal of Medicine,1963,[u'http://www.nejm.org/doi/abs/10.1056/NEJM196301242680405'],./output/10.2105~AJPH.67.11.1063.pdf/10.1056~NEJM196301242680405
10.1056/NEJM196301242680405,"Bravata, D., McDonald, K., Smith, W., et. al, Systematic Review: Surveillance Systems for Early Detection of Bioterrorism-Related Diseases, , 2004",cited-by,6539291Systematic Review: Surveillance Systems for Early Detection of Bioterrorism-Related Diseases,Systematic Review: Surveillance Systems for Early Detection of Bioterrorism-Related Diseases,"[['Dena', 'M.', 'Bravata'], ['Kathryn', 'M.', 'McDonald'], ['Wendy', 'M.', 'Smith'], ['Chara', '', 'Rydzak'], ['Herbert', '', 'Szeto'], ['David', 'L', 'Buckeridge'], ['Corinna', '', 'Haberland'], ['Douglas', 'K.', 'Owens']]",,2004,[u'http://www.annals.org/content/140/11/910.full.pdf'],./output/10.2105~AJPH.67.11.1063.pdf/citedby/6539291Systematic Review: Surveillance Systems for Early Detection of Bioterrorism-Related Diseases
10.1056/NEJM196301242680405,"Hutwagner, L., Thompson, W., Seeman, G., et. al, A simulation model for assessing aberration detection methods used in public health surveillance for systems with limited baselines, Statistics in Medicine, 2005",cited-by,10.1002/sim.2034,A simulation model for assessing aberration detection methods used in public health surveillance for systems with limited baselines,"[['L.', 'C.', 'Hutwagner'], ['W.', 'W.', 'Thompson'], ['G.', 'M.', 'Seeman'], ['T.', '', 'Treadwell']]",Statistics in Medicine,2005,[u'http://doi.wiley.com/10.1002/sim.2034'],./output/10.2105~AJPH.67.11.1063.pdf/citedby/10.1002~sim.2034
10.1056/NEJM196301242680405,"Lee, T., Baker, O., Lee, J., et. al, Recommended practices for surveillance, American Journal of Infection Control, 1998",cited-by,10.1016/S0196-6553(98)80013-8,Recommended practices for surveillance,"[['Terrie', 'B.', 'Lee'], ['Ona', 'G.', 'Baker'], ['James', 'T.', 'Lee'], ['William', 'E.', 'Scheckler'], ['Lynn', '', 'Steele'], ['Christopher', 'E.', 'Laxton']]",American Journal of Infection Control,1998,"[u'http://www.sciencedirect.com/science/article/pii/S0196655398800138', u'http://linkinghub.elsevier.com/retrieve/pii/S0196655398800138']",./output/10.2105~AJPH.67.11.1063.pdf/citedby/10.1016~S0196-6553(98)80013-8
10.1056/NEJM196301242680405,"Snacken, R., Lion, J., CASTEREN, V., et. al, Five years of sentinel surveillance of acute respiratory infections (1985–1990): The benefits of an influenza early warning system, European Journal of Epidemiology, 1992",cited-by,10.1007/BF00146364,Five years of sentinel surveillance of acute respiratory infections (1985–1990): The benefits of an influenza early warning system,"[['R.', '', 'Snacken'], ['J.', '', 'Lion'], ['V.', 'VAN', 'CASTEREN'], ['R.', '', 'Cornelis'], ['F.', '', 'Yane'], ['M.', '', 'Mombaerts'], ['W.', '', 'Aelvoet'], ['A.', '', 'Stroobant']]",European Journal of Epidemiology,1992,"[u'http://www.springerlink.com/index/r73514k7417k2596.pdf', u'http://www.springerlink.com/content/r73514k7417k2596', u'http://www.springerlink.com/index/10.1007/BF00146364', u'http://www.springerlink.com/index/pdf/10.1007/BF00146364']",./output/10.2105~AJPH.67.11.1063.pdf/citedby/10.1007~BF00146364
10.1056/NEJM196301242680405,"Foot, B., Stanford, M., Rahi, J., et. al, The British Ophthalmological Surveillance Unit: an evaluation of the first 3 years, Eye, 2003",cited-by,10.1038/sj.eye.6700233,The British Ophthalmological Surveillance Unit: an evaluation of the first 3 years,"[['B', '', 'Foot'], ['M', '', 'Stanford'], ['J', '', 'Rahi'], ['J', '', 'Thompson']]",Eye,2003,"[u'http://www.nature.com/doifinder/10.1038/sj.eye.6700233', u'http://dx.doi.org/10.1038/sj.eye.6700233']",./output/10.2105~AJPH.67.11.1063.pdf/citedby/10.1038~sj.eye.6700233
10.1056/NEJM196301242680405,"Hannoun, C., Dab, W., Cohen, J., , A new influenza surveillance system in France: The Ile-De-France “GROG”. I. Principles and methodology, European Journal of Epidemiology, 1989",cited-by,10.1007/BF00144828,A new influenza surveillance system in France: The Ile-De-France “GROG”. I. Principles and methodology,"[['C.', '', 'Hannoun'], ['W.', '', 'Dab'], ['J.', 'M.', 'Cohen']]",European Journal of Epidemiology,1989,"[u'http://www.springerlink.com/index/u4212638l2gm1303.pdf', u'http://www.springerlink.com/content/u4212638l2gm1303', u'http://www.springerlink.com/index/10.1007/BF00144828', u'http://www.springerlink.com/index/pdf/10.1007/BF00144828']",./output/10.2105~AJPH.67.11.1063.pdf/citedby/10.1007~BF00144828
10.1056/NEJM196301242680405,"Maciejewski, R., Rudolph, S., Hafen, R., et. al, A Visual Analytics Approach to Understanding Spatiotemporal Hotspots, IEEE Transactions on Visualization and Computer Graphics, 2010",cited-by,10.1109/TVCG.2009.100,A Visual Analytics Approach to Understanding Spatiotemporal Hotspots,"[['Ross', '', 'Maciejewski'], ['Stephen', '', 'Rudolph'], ['Ryan', '', 'Hafen'], ['Ahmad', 'M.', 'Abusalah'], ['Mohamed', '', 'Yakout'], ['Mourad', '', 'Ouzzani'], ['William', 'S.', 'Cleveland'], ['Shaun', 'J.', 'Grannis'], ['David', 'S.', 'Ebert']]",IEEE Transactions on Visualization and Computer Graphics,2010,"[u'http://ieeexplore.ieee.org/lpdocs/epic03/wrapper.htm?arnumber=5226628', u'http://ieeexplore.ieee.org/xpls/abs_all.jsp?arnumber=5226628', u'http://ieeexplore.ieee.org/stamp/stamp.jsp?arnumber=05226628', u'http://doi.ieeecomputersociety.org/10.1109/TVCG.2009.100', u'http://www.informatik.uni-trier.de/~ley/db/journals/tvcg/tvcg16.html#MaciejewskiRHAYOCGE10', u'http://pixel.ecn.purdue.edu:8080/~rmacieje/research/papers/2009/TVCG_Hotspots.pdf', u'http://docs.lib.purdue.edu/ccpubs/5', u'http://docs.lib.purdue.edu/cgi/viewcontent.cgi?article=1000&context=ccpubs']",./output/10.2105~AJPH.67.11.1063.pdf/citedby/10.1109~TVCG.2009.100
10.1056/NEJM196301242680405,"Craun, G., Calderon, R., Wade, T., , Assessing waterborne risks: an introduction, Journal of Water and Health, 2006",cited-by,10.2166/wh.2006.015,Assessing waterborne risks: an introduction,"[['Gunther', 'F.', 'Craun'], ['Rebecca', 'L.', 'Calderon'], ['Timothy', 'J.', 'Wade']]",Journal of Water and Health,2006,"[u'http://www.ruralwater.org/tcr/d.%20Assessing%20waterborne%20disease%20risks_Craun_Calderon_Wade.pdf', u'http://www.epa.gov/nheerl/articles/2006/waterborne_disease/introduction.pdf', u'http://www.iwaponline.com/jwh/004/00s3/00400s3.pdf', u'http://www.iwaponline.com/jwh/004/jwh004000s3.htm']",./output/10.2105~AJPH.67.11.1063.pdf/citedby/10.2166~wh.2006.015
10.1056/NEJM196301242680405,"Meriwether, R., , Blueprint for a National Public Health Surveillance System for the 21st Century, , 0",cited-by,12441354Blueprint for a National Public Health Surveillance System for the 21st Century,Blueprint for a National Public Health Surveillance System for the 21st Century,"[['Rebecca', 'A.', 'Meriwether']]",,0,[u'http://www.cste.org/pdffiles/Blueprint.pdf'],
10.1056/NEJM196301242680405,"Matthews, S., Moudon, A., Daniel, M., , Work Group II: Using Geographic Information Systems for Enhancing Research Relevant to Policy on Diet, Physical Activity, and Weight, American Journal of Preventive Medicine, 2009",cited-by,10.1016/j.amepre.2009.01.011,"Work Group II: Using Geographic Information Systems for Enhancing Research Relevant to Policy on Diet, Physical Activity, and Weight","[['Stephen', 'A.', 'Matthews'], ['Anne', 'Vernez', 'Moudon'], ['Mark', '', 'Daniel']]",American Journal of Preventive Medicine,2009,"[u'http://www.sciencedirect.com/science/article/pii/S0749379709000208', u'http://linkinghub.elsevier.com/retrieve/pii/S0749379709000208']",
10.1056/NEJM196301242680405,"McNabb, S., Chungong, S., Ryan, M., et. al, Conceptual framework of public health surveillance and action and its application in health sector reform, BMC Public Health, 2002",cited-by,10.1186/1471-2458-2-2,Conceptual framework of public health surveillance and action and its application in health sector reform,"[['Scott', 'JN', 'McNabb'], ['Stella', '', 'Chungong'], ['Mike', '', 'Ryan'], ['Tadesse', '', 'Wuhib'], ['Peter', '', 'Nsubuga'], ['Wondi', '', 'Alemu'], ['Vilma', '', 'Carande-Kulis'], ['Guenael', '', 'Rodier']]",BMC Public Health,2002,"[u'http://www.biomedcentral.com/1471-2458/2/2', u'http://www.biomedcentral.com/content/pdf/1471-2458-2-2.pdf', u'http://www.springerlink.com/index/yj1481p03273p65m.pdf', u'http://www.springerlink.com/content/yj1481p03273p65m']",./output/10.2105~AJPH.67.11.1063.pdf/citedby/10.1186~1471-2458-2-2
10.1056/NEJM196301242680405,"Lee, L., McKenna, M., , The Status of National HIV Case Surveillance, United States 2006, , 0",cited-by,"11699951The Status of National HIV Case Surveillance, United States 2006","The Status of National HIV Case Surveillance, United States 2006","[['Lisa', 'M.', 'Lee'], ['Matthew', 'T.', 'McKenna']]",,0,[u'http://www.publichealthreports.org/userfiles/122_SUP1/12_PHR122_Sup1_63-71.pdf'],
10.1056/NEJM196301242680405,"Maciejewski, R., Tyner, B., Jang, Y., et. al, LAHVA: Linked Animal-Human Health Visual Analytics, , 2007",cited-by,10.1109/VAST.2007.4388993,LAHVA: Linked Animal-Human Health Visual Analytics,"[['Ross', '', 'Maciejewski'], ['Benjamin', '', 'Tyner'], ['Yun', '', 'Jang'], ['Cheng', '', 'Zheng'], ['V.', '', 'Nehme'], ['David', 'S.', 'Ebert'], ['William', 'S.', 'Cleveland'], ['Mourad', '', 'Ouzzani'], ['Shaun', 'J.', 'Grannis'], ['T.', '', 'Glickman']]",,2007,"[u'http://ieeexplore.ieee.org/xpls/abs_all.jsp?arnumber=4388993', u'http://ieeexplore.ieee.org/stamp/stamp.jsp?arnumber=04388993', u'http://dx.doi.org/10.1109/VAST.2007.4388993', u'http://www.informatik.uni-trier.de/~ley/db/conf/ieeevast/ieeevast2007.html#MaciejewskiTJZNECOGG07', u'http://docs.lib.purdue.edu/ccpubs/378']",./output/10.2105~AJPH.67.11.1063.pdf/citedby/10.1109~VAST.2007.4388993
10.1056/NEJM196301242680405,"Brand, A., Probst-Hensch, N., , Biobanking for Epidemiological Research and Public Health, Pathobiology, 2007",cited-by,10.1159/000104450,Biobanking for Epidemiological Research and Public Health,"[['Angela', 'M.', 'Brand'], ['Nicole', 'M.', 'Probst-Hensch']]",Pathobiology,2007,"[u'http://content.karger.com/ProdukteDB/produkte.asp?doi=10.1159/000104450', u'http://www.karger.com/doi/10.1159/000104450']",./output/10.2105~AJPH.67.11.1063.pdf/citedby/10.1159~000104450
10.1056/NEJM196301242680405,"Pillaye, J., Clarke, A., , An evaluation of completeness of tuberculosis notification in the United Kingdom, BMC Public Health, 2003",cited-by,10.1186/1471-2458-3-31,An evaluation of completeness of tuberculosis notification in the United Kingdom,"[['Jayshree', '', 'Pillaye'], ['Aileen', '', 'Clarke']]",BMC Public Health,2003,"[u'http://www.springerlink.com/index/g459106x7x67q202.pdf', u'http://www.biomedcentral.com/1471-2458/3/31', u'http://www.biomedcentral.com/content/pdf/1471-2458-3-31.pdf', u'http://www.springerlink.com/content/g459106x7x67q202']",./output/10.2105~AJPH.67.11.1063.pdf/citedby/10.1186~1471-2458-3-31
10.1056/NEJM196301242680405,"Worcester, P., Peckham, D., Hardy, K., et. al, AVATAR: Second-generation transceiver electronics for ocean acoustic tomography, , 1985",cited-by,10.1109/OCEANS.1985.1160245,AVATAR: Second-generation transceiver electronics for ocean acoustic tomography,"[['Peter', 'F.', 'Worcester'], ['Douglas', 'A.', 'Peckham'], ['Kevin', 'R.', 'Hardy'], ['F.', '', 'Dormer']]",,1985,"[u'http://ieeexplore.ieee.org/xpls/abs_all.jsp?arnumber=1160245', u'http://ieeexplore.ieee.org/stamp/stamp.jsp?arnumber=01160245']",./output/10.2105~AJPH.67.11.1063.pdf/citedby/10.1109~OCEANS.1985.1160245
10.1056/NEJM196301242680405,"Trevelyan, B., Smallman-Raynor, M., Cliff, A., , The Spatial Dynamics of Poliomyelitis in the United States: From Epidemic Emergence to Vaccine-Induced Retreat, 1910–1971, Annals of The Association of American Geographers, 2005",cited-by,10.1111/j.1467-8306.2005.00460.x,"The Spatial Dynamics of Poliomyelitis in the United States: From Epidemic Emergence to Vaccine-Induced Retreat, 1910–1971","[['Barry', '', 'Trevelyan'], ['Matthew', '', 'Smallman-Raynor'], ['Andrew', 'D.', 'Cliff']]",Annals of The Association of American Geographers,2005,"[u'http://www.informaworld.com/openurl?genre=article&doi=10.1111/j.1467-8306.2005.00460.x&magic=crossref||D404A21C5BB053405B1A640AFFD44AE3', u'http://dx.doi.org/10.1111/j.1467-8306.2005.00460.x']",./output/10.2105~AJPH.67.11.1063.pdf/citedby/10.1111~j.1467-8306.2005.00460.x
10.1056/NEJM196301242680405,"Amanor-Boadu, V., , Post-market surveillance model for potential human health effects of novel foods, Food Policy, 2004",cited-by,10.1016/j.foodpol.2004.09.001,Post-market surveillance model for potential human health effects of novel foods,"[['Vincent', '', 'Amanor-Boadu']]",Food Policy,2004,"[u'http://www.sciencedirect.com/science/article/pii/S0306919204000648', u'http://www.sciencedirect.com/science/article/B6VCB-4DN9K3K-1/2/05de21d1d4148d2cafee783bf5a2bd3e', u'http://linkinghub.elsevier.com/retrieve/pii/S0306919204000648']",
10.1056/NEJM196301242680405,"Enciso-Moreno, J., Pernas-Buitrón, N., Ortiz-Herrera, M., et. al, Identification of Serratia marcescens populations of nosocomial origin by RAPD-PCR, Archives of Medical Research, 2004",cited-by,10.1016/j.arcmed.2003.07.005,Identification of Serratia marcescens populations of nosocomial origin by RAPD-PCR,"[['Jos\xc3\xa9', 'Antonio', 'Enciso-Moreno'], ['Norma', '', 'Pernas-Buitr\xc3\xb3n'], ['Maribel', '', 'Ortiz-Herrera'], ['Rafael', '', 'Coria-Jim\xc3\xa9nez']]",Archives of Medical Research,2004,"[u'http://www.sciencedirect.com/science/article/pii/S0188440903001395', u'http://linkinghub.elsevier.com/retrieve/pii/S0188440903001395']",
10.1056/NEJM196301242680405,"Lee, T., Montgomery, O., Marx, J., et. al, Recommended practices for surveillance: Association for Professionals in Infection Control and Epidemiology (APIC), Inc, American Journal of Infection Control, 2007",cited-by,10.1016/j.ajic.2007.07.002,"Recommended practices for surveillance: Association for Professionals in Infection Control and Epidemiology (APIC), Inc","[['Terrie', 'B.', 'Lee'], ['Ona', 'G.', 'Montgomery'], ['James', '', 'Marx'], ['Russell', 'N.', 'Olmsted'], ['William', 'E.', 'Scheckler']]",American Journal of Infection Control,2007,"[u'http://www.sciencedirect.com/science/article/pii/S0196655307006177', u'http://linkinghub.elsevier.com/retrieve/pii/S0196655307006177']",./output/10.2105~AJPH.67.11.1063.pdf/citedby/10.1016~j.ajic.2007.07.002
10.1056/NEJM196301242680405,"Scuderi, G., Fantasia, M., Niglio, T., , Results of the three-year surveillance by the Italian SALM-NET System: Human isolates of Salmonella serotypes, European Journal of Epidemiology, 2000",cited-by,10.1023/A:1007678901475,Results of the three-year surveillance by the Italian SALM-NET System: Human isolates of Salmonella serotypes,"[['G.', '', 'Scuderi'], ['M.', '', 'Fantasia'], ['T.', '', 'Niglio']]",European Journal of Epidemiology,2000,"[u'http://www.springerlink.com/index/j81725193vxqgn57.pdf', u'http://www.springerlink.com/content/j81725193vxqgn57']",./output/10.2105~AJPH.67.11.1063.pdf/citedby/10.1023~A:1007678901475
10.1056/NEJM196301242680405,"Robinson, R., Metcalfe, R., , Zoonotic infections in veterinarians, New Zealand Veterinary Journal, 1976",cited-by,10.1080/00480169.1976.34317,Zoonotic infections in veterinarians,"[['R.', 'A.', 'Robinson'], ['R.', 'V.', 'Metcalfe']]",New Zealand Veterinary Journal,1976,[u'http://dx.doi.org/10.1080/00480169.1976.34317'],./output/10.2105~AJPH.67.11.1063.pdf/citedby/10.1080~00480169.1976.34317
10.1056/NEJM196301242680405,"Wheeler, D., Flynn, S., Leeder, S., , THE HUNTER VALLEY HEART ATTACK STUDY: SOME METHODOLOGICAL PROBLEMS IN COMMUNITY SURVEILLANCE FOR ACUTE MYOCARDIAL INFARCTION, Community Health Studies, 2010",cited-by,10.1111/j.1753-6405.1981.tb00729.x,THE HUNTER VALLEY HEART ATTACK STUDY: SOME METHODOLOGICAL PROBLEMS IN COMMUNITY SURVEILLANCE FOR ACUTE MYOCARDIAL INFARCTION,"[['Diana', 'J.', 'Wheeler'], ['Susan', 'J.', 'Flynn'], ['Stephen', 'R.', 'Leeder']]",Community Health Studies,2010,[u'http://doi.wiley.com/10.1111/j.1753-6405.1981.tb00729.x'],./output/10.2105~AJPH.67.11.1063.pdf/citedby/10.1111~j.1753-6405.1981.tb00729.x
10.1056/NEJM196301242680405,"MaciejewskiStephen, R., Rudolph, S., Hafen, R., et. al, Understanding syndromic hotspots - a visual analytics approach, , 2008",cited-by,10.1109/VAST.2008.4677354,Understanding syndromic hotspots - a visual analytics approach,"[['Ross', '', 'MaciejewskiStephen'], ['Stephen', '', 'Rudolph'], ['Ryan', '', 'Hafen'], ['Ahmad', 'M.', 'Abusalah'], ['Mohamed', '', 'Yakout'], ['Mourad', '', 'Ouzzani'], ['William', 'S.', 'Cleveland'], ['Shaun', 'J.', 'Grannis'], ['Michael', '', 'Wade'], ['David', 'S.', 'Ebert']]",,2008,"[u'http://pixel.ecn.purdue.edu:8080/~rmacieje/research/papers/2008/VAST_Hotspots.pdf', u'http://ieeexplore.ieee.org/xpls/abs_all.jsp?arnumber=4677354', u'http://ieeexplore.ieee.org/stamp/stamp.jsp?arnumber=04677354', u'http://www.cs.purdue.edu/homes/mourad/publications/vast2008.pdf', u'http://dx.doi.org/10.1109/VAST.2008.4677354', u'http://www.informatik.uni-trier.de/~ley/db/conf/ieeevast/ieeevast2008.html#MaciejewskiRHAYOCGWE08']",./output/10.2105~AJPH.67.11.1063.pdf/citedby/10.1109~VAST.2008.4677354
10.1056/NEJM196301242680405,"Fairchild, A., Bayer, R., Sweeney, P., et. al, Public Goods, Private Data: HIV and the History, Ethics, and Uses of Identifiable Public Health Information, , 2007",cited-by,"5670684Public Goods, Private Data: HIV and the History, Ethics, and Uses of Identifiable Public Health Information","Public Goods, Private Data: HIV and the History, Ethics, and Uses of Identifiable Public Health Information","[['Amy', 'L.', 'Fairchild'], ['Ronald', '', 'Bayer'], ['Patricia', '', 'Sweeney'], ['Robert', 'S.', 'Janssen']]",,2007,"[u'http://www.publichealthreports.org/userfiles/122_SUP1/5_PHR122_Sup1_7-15.pdf', u'http://infolinksproject.org/docs/public%20goods%20private%20data.pdf']",
10.1056/NEJM196301242680405,"Morris, S., Gray, A., Noone, A., et. al, The costs and effectiveness of surveillance of communicable disease: a case study of HIV and AIDS in England and Wales, , 0",cited-by,13222377The costs and effectiveness of surveillance of communicable disease: a case study of HIV and AIDS in England and Wales,The costs and effectiveness of surveillance of communicable disease: a case study of HIV and AIDS in England and Wales,"[['Stephen', '', 'Morris'], ['Alastair', '', 'Gray'], ['Ahilya', '', 'Noone'], ['Meg', '', 'Wiseman'], ['Sushil', '', 'Jathanna']]",,0,[u'http://jpubhealth.oxfordjournals.org/cgi/reprint/18/4/415.pdf'],./output/10.2105~AJPH.67.11.1063.pdf/citedby/13222377The costs and effectiveness of surveillance of communicable disease: a case study of HIV and AIDS in England and Wales
10.1056/NEJM196301242680405,"Wharton, M., Strebel, P., , Vaccine-Preventable Diseases, , 0",cited-by,14158869Vaccine-Preventable Diseases,Vaccine-Preventable Diseases,"[['Melinda', '', 'Wharton'], ['Peter', 'M.', 'Strebel']]",,0,[],
10.1056/NEJM196301242680405,"Feng, J., Nicoll, A., , Foresight China II: Identification and Detection of Infectious Diseases, , 2008",cited-by,10.1007/978-3-540-89746-0_4,Foresight China II: Identification and Detection of Infectious Diseases,"[['Jiayuan', '', 'Feng'], ['Angus', '', 'Nicoll']]",,2008,"[u'http://www.informatik.uni-trier.de/~ley/db/conf/biosurveillance/biosecure2008.html#FengHN08', u'http://www.springerlink.com/index/244765l465l46t88.pdf', u'http://www.springerlink.com/content/244765l465l46t88', u'http://dx.doi.org/10.1007/978-3-540-89746-0_4']",./output/10.2105~AJPH.67.11.1063.pdf/citedby/10.1007~978-3-540-89746-0_4
10.1056/NEJM196301242680405,"Che, D., Desenclos, J., , L’alerte dans la surveillance actuelle des maladies infectieuses, Medecine Et Maladies Infectieuses, 2002",cited-by,10.1016/S0399-077X(02)00457-2,L’alerte dans la surveillance actuelle des maladies infectieuses,"[['D', '', 'Che'], ['J.', 'C', 'Desenclos']]",Medecine Et Maladies Infectieuses,2002,"[u'http://www.sciencedirect.com/science/article/pii/S0399077X02004572', u'http://linkinghub.elsevier.com/retrieve/pii/S0399077X02004572']",
10.1056/NEJM196301242680405,"King, C., Kao, C., Liu, D., et. al, Seven integrated influenza surveillance systems in Taiwan, International Congress Series, 2001",cited-by,10.1016/S0531-5131(01)00331-4,Seven integrated influenza surveillance systems in Taiwan,"[['Chwan-Chuen', '', 'King'], ['Chuan-Liang', '', 'Kao'], ['Ding-Ping', '', 'Liu'], ['Min-Chu', '', 'Cheng'], ['Hui-Lin', '', 'Yen'], ['Min-Shiuh', '', 'Lee'], ['Ching-Ping', '', 'Tsai'], ['Shin-Ru', '', 'Shih'], ['Happy', 'K', 'Shieh'], ['Jen-Pang', '', 'Hsiu'], ['Shu-Fang', '', 'Li'], ['Hsu-Mei', '', 'Hsu'], ['Shing-Jer', '', 'Twu'], ['Nancy', 'J', 'Cox'], ['Robert', 'G', 'Webster']]",International Congress Series,2001,"[u'http://www.sciencedirect.com/science/article/pii/S0531513101003314', u'http://linkinghub.elsevier.com/retrieve/pii/S0531513101003314']",
10.1056/NEJM196301242680405,"Power, J., , Media Dependency, Bubonic Plague, and the Social Construction of the Chinese Other, Journal of Communication Inquiry, 1995",cited-by,10.1177/019685999501900106,"Media Dependency, Bubonic Plague, and the Social Construction of the Chinese Other","[['J.', 'Gerard', 'Power']]",Journal of Communication Inquiry,1995,"[u'http://jci.sagepub.com/cgi/doi/10.1177/019685999501900106', u'http://dx.doi.org/10.1177/019685999501900106']",./output/10.2105~AJPH.67.11.1063.pdf/citedby/10.1177~019685999501900106
10.1056/NEJM196301242680405,"Winkelstein, W., , Interface of Epidemiology and History: A Commentary on Past, Present, and Future, , 0",cited-by,"5639511Interface of Epidemiology and History: A Commentary on Past, Present, and Future","Interface of Epidemiology and History: A Commentary on Past, Present, and Future","[['Warren', '', 'Winkelstein']]",,0,[u'http://epirev.oxfordjournals.org/cgi/reprint/22/1/2.pdf'],"./output/10.2105~AJPH.67.11.1063.pdf/citedby/5639511Interface of Epidemiology and History: A Commentary on Past, Present, and Future"
10.1056/NEJM196301242680405,"Maciejewski, R., Hafen, R., Rudolph, S., et. al, Forecasting Hotspots - A Predictive Analytics Approach, IEEE Transactions on Visualization and Computer Graphics, 2011",cited-by,10.1109/TVCG.2010.82,Forecasting Hotspots - A Predictive Analytics Approach,"[['Ross', '', 'Maciejewski'], ['Ryan', '', 'Hafen'], ['Stephen', '', 'Rudolph'], ['Stephen', 'G.', 'Larew'], ['Michael', 'A.', 'Mitchell'], ['William', 'S.', 'Cleveland'], ['David', 'S.', 'Ebert']]",IEEE Transactions on Visualization and Computer Graphics,2011,"[u'http://ieeexplore.ieee.org/lpdocs/epic03/wrapper.htm?arnumber=5473230', u'http://ieeexplore.ieee.org/stamp/stamp.jsp?arnumber=05473230', u'http://ieeexplore.ieee.org/xpls/abs_all.jsp?arnumber=5473230', u'http://dx.doi.org/10.1109/TVCG.2010.82', u'http://www.informatik.uni-trier.de/~ley/db/journals/tvcg/tvcg17.html#MaciejewskiHRLMCE11']",./output/10.2105~AJPH.67.11.1063.pdf/citedby/10.1109~TVCG.2010.82
10.1056/NEJM196301242680405,"Koo, D., Thacker, S., , In Snow's Footsteps: Commentary on Shoe-Leather and Applied Epidemiology, American Journal of Epidemiology, 2010",cited-by,10.1093/aje/kwq252,In Snow's Footsteps: Commentary on Shoe-Leather and Applied Epidemiology,"[['D.', '', 'Koo'], ['S.', 'B.', 'Thacker']]",American Journal of Epidemiology,2010,[u'http://aje.oxfordjournals.org/cgi/doi/10.1093/aje/kwq252'],./output/10.2105~AJPH.67.11.1063.pdf/citedby/10.1093~aje~kwq252
10.1056/NEJM196301242680405,"Mongoh, M., Dyer, N., Stoltenow, C., et. al, A Review of Management Practices for the Control of Anthrax in Animals: The 2005 Anthrax Epizootic in North Dakota Case Study, Zoonoses and Public Health, 2008",cited-by,10.1111/j.1863-2378.2008.01135.x,A Review of Management Practices for the Control of Anthrax in Animals: The 2005 Anthrax Epizootic in North Dakota Case Study,"[['M.', 'Ndiva', 'Mongoh'], ['N.', 'W.', 'Dyer'], ['C.', 'L.', 'Stoltenow'], ['R.', '', 'Hearne'], ['M.', 'L.', 'Khaitsa']]",Zoonoses and Public Health,2008,[u'http://blackwell-synergy.com/doi/abs/10.1111/j.1863-2378.2008.01135.x'],
10.1056/NEJM196301242680405,"Mateo, S., Larrauri, A., Mesonero, C., , La vigilancia de la gripe. Nuevas soluciones a un viejo problema, Gaceta Sanitaria, 2006",cited-by,10.1157/13084132,La vigilancia de la gripe. Nuevas soluciones a un viejo problema,"[['Salvador', 'de', 'Mateo'], ['Amparo', '', 'Larrauri'], ['Carmen', '', 'Mesonero']]",Gaceta Sanitaria,2006,"[u'http://www.sciencedirect.com/science/article/pii/S021391110671456X', u'http://linkinghub.elsevier.com/retrieve/pii/S021391110671456X']",
10.1056/NEJM196301242680405,"Rahi, J., Edelsten, C., , The British Ophthalmological Surveillance Unit: The study of uncommon ophthalmic disorders made easier, Eye, 1997",cited-by,10.1038/eye.1997.201,The British Ophthalmological Surveillance Unit: The study of uncommon ophthalmic disorders made easier,"[['J', 'S', 'Rahi'], ['C', '', 'Edelsten']]",Eye,1997,[u'http://dx.doi.org/10.1038/eye.1997.201'],./output/10.2105~AJPH.67.11.1063.pdf/citedby/10.1038~eye.1997.201
10.1056/NEJM196301242680405,"Lee, T., Montgomery, O., Marx, J., et. al, Recommended practices for surveillance: Association for Professionals in Infection Control and Epidemiology (APIC), Inc, , 0",cited-by,"10528915Recommended practices for surveillance: Association for Professionals in Infection Control and Epidemiology (APIC), Inc","Recommended practices for surveillance: Association for Professionals in Infection Control and Epidemiology (APIC), Inc","[['Terrie', 'B.', 'Lee'], ['Ona', 'G.', 'Montgomery'], ['James', '', 'Marx'], ['Russell', 'N.', 'Olmsted'], ['William', 'E.', 'Scheckler']]",,0,[u'http://www.apic.org/Content/NavigationMenu/PracticeGuidance/SurveillanceDefinitionsReportsandRecommendations/AJIC_Surveillance_2007.pdf'],"./output/10.2105~AJPH.67.11.1063.pdf/citedby/10528915Recommended practices for surveillance: Association for Professionals in Infection Control and Epidemiology (APIC), Inc"
10.1056/NEJM196301242680405,"Ward, M., , Geographic information system-based avian influenza surveillance systems for village poultry in Romania, , 0",cited-by,11278923Geographic information system-based avian influenza surveillance systems for village poultry in Romania,Geographic information system-based avian influenza surveillance systems for village poultry in Romania,"[['Michael', 'P.', 'Ward']]",,0,[],
10.1056/NEJM196301242680405,"Koski, E., , Clinical Laboratory Data for Biosurveillance, , 0",cited-by,10.1007/978-1-4419-6892-0_4,Clinical Laboratory Data for Biosurveillance,"[['Eileen', '', 'Koski']]",,0,"[u'http://www.springerlink.com/content/h113756367512080', u'http://www.springerlink.com/index/h113756367512080.pdf']",./output/10.2105~AJPH.67.11.1063.pdf/citedby/10.1007~978-1-4419-6892-0_4
10.1056/NEJM196301242680405,"Xiong, W., Lv, J., Li, L., , A survey of core and support activities of communicable disease surveillance systems at operating-level CDCs in China, BMC Public Health, 2010",cited-by,10.1186/1471-2458-10-704,A survey of core and support activities of communicable disease surveillance systems at operating-level CDCs in China,"[['Weiyi', '', 'Xiong'], ['Jun', '', 'Lv'], ['Liming', '', 'Li']]",BMC Public Health,2010,"[u'http://www.springerlink.com/index/v535574n57441w77.pdf', u'http://www.springerlink.com/content/v535574n57441w77', u'http://www.biomedcentral.com/content/pdf/1471-2458-10-704.pdf', u'http://www.biomedcentral.com/1471-2458/10/704']",./output/10.2105~AJPH.67.11.1063.pdf/citedby/10.1186~1471-2458-10-704
10.1056/NEJM196301242680405,"French, M., , Article Woven of WarTime Fabrics: the globalization of public health, , 2009",cited-by,14205202Article Woven of WarTime Fabrics: the globalization of public health,Article Woven of WarTime Fabrics: the globalization of public health,"[['Martin', 'A.', 'French']]",,2009,[u'http://www.surveillance-and-society.org/ojs/index.php/journal/article/viewFile/fabrics/fabrics'],./output/10.2105~AJPH.67.11.1063.pdf/citedby/14205202Article Woven of WarTime Fabrics: the globalization of public health
10.1056/NEJM196301242680405,"Péfoyo, A., Rivard, M., Laurier, C., , Importance de la surveillance en santé publique et utilité des données administratives, Revue D Epidemiologie Et De Sante Publique, 2009",cited-by,10.1016/j.respe.2008.11.003,Importance de la surveillance en santé publique et utilité des données administratives,"[['A.', 'J. Kon\xc3\xa9', 'P\xc3\xa9foyo'], ['M.', '', 'Rivard'], ['C.', '', 'Laurier']]",Revue D Epidemiologie Et De Sante Publique,2009,"[u'http://www.sciencedirect.com/science/article/pii/S0398762009000315', u'http://linkinghub.elsevier.com/retrieve/pii/S0398762009000315']",
10.1056/NEJM196301242680405,"Rani, M., Roesel, S., , Transitioning from clinical research to public health surveillance for new vaccine preventable diseases: The case for rotavirus gastroenteritis, Vaccine, 2009",cited-by,10.1016/j.vaccine.2009.08.099,Transitioning from clinical research to public health surveillance for new vaccine preventable diseases: The case for rotavirus gastroenteritis,"[['Manju', '', 'Rani'], ['Sigrun', '', 'Roesel']]",Vaccine,2009,"[u'http://www.sciencedirect.com/science/article/pii/S0264410X09013085', u'http://linkinghub.elsevier.com/retrieve/pii/S0264410X09013085']",
10.1056/NEJM196301242680405,"Brody, J., , Medical Surveillance Program of the New Epidemiological and Special Studies Branch of NIAAA: An Approach to an Epidemiologic Program on Alcohol Abuse and Alcoholism, Alcoholism-clinical and Experimental Research, 2008",cited-by,10.1111/j.1530-0277.1977.tb05792.x,Medical Surveillance Program of the New Epidemiological and Special Studies Branch of NIAAA: An Approach to an Epidemiologic Program on Alcohol Abuse and Alcoholism,"[['Jacob', 'A.', 'Brody']]",Alcoholism-clinical and Experimental Research,2008,[u'http://doi.wiley.com/10.1111/j.1530-0277.1977.tb05792.x'],./output/10.2105~AJPH.67.11.1063.pdf/citedby/10.1111~j.1530-0277.1977.tb05792.x
10.1056/NEJM196301242680405,"Walker, S., Peto, T., O'Connor, L., et. al, Are There Better Methods of Monitoring MRSA Control than Bacteraemia Surveillance? An Observational Database Study, PLOS One, 2008",cited-by,10.1371/journal.pone.0002378,Are There Better Methods of Monitoring MRSA Control than Bacteraemia Surveillance? An Observational Database Study,"[['Sarah', '', 'Walker'], ['Tim', 'E. A.', 'Peto'], ['Lily', '', ""O'Connor""], ['Derrick', 'W.', 'Crook'], ['David', '', 'Wyllie'], ['Steven', 'M.', 'Opal']]",PLOS One,2008,"[u'http://adsabs.harvard.edu/abs/2008PLoSO...3.2378W', u'http://dx.doi.org/10.1371/journal.pone.0002378']",./output/10.2105~AJPH.67.11.1063.pdf/citedby/10.1371~journal.pone.0002378
10.1056/NEJM196301242680405,"ANTHROPOS, W., , TOOLS OF INQUIRY FOR THE HUMAN SCIENCES. AT ARC'S CORE ARE COLL ABOR ATIONS ON SHARED PROBLEMS AND CONCEPTS, INITIALLY FOCUSING ON SECURIT Y, BIOPOLITICS, AND THE LIFE SCIENCES, AND THE NEW FORMS OF INQUIRY, , 2007",cited-by,"13184363TOOLS OF INQUIRY FOR THE HUMAN SCIENCES. AT ARC'S CORE ARE COLL ABOR ATIONS ON SHARED PROBLEMS AND CONCEPTS, INITIALLY FOCUSING ON SECURIT Y, BIOPOLITICS, AND THE LIFE SCIENCES, AND THE NEW FORMS OF INQUIRY","TOOLS OF INQUIRY FOR THE HUMAN SCIENCES. AT ARC'S CORE ARE COLL ABOR ATIONS ON SHARED PROBLEMS AND CONCEPTS, INITIALLY FOCUSING ON SECURIT Y, BIOPOLITICS, AND THE LIFE SCIENCES, AND THE NEW FORMS OF INQUIRY","[['W', 'W W.', 'ANTHROPOS']]",,2007,"[u'http://anthropos-lab.net/wp/publications/2007/08/workingpaperno3.pdf', u'http://anthropos-lab.net/wp/publications/2007/08/workingpaperno2.pdf']",
10.1056/NEJM196301242680405,"Cuzin, L., Delpierre, C., , Épidémiologie des maladies infectieuses, Emc - Maladies Infectieuses, 2005",cited-by,10.1016/j.emcmi.2005.10.001,Épidémiologie des maladies infectieuses,"[['L.', '', 'Cuzin'], ['C.', '', 'Delpierre']]",Emc - Maladies Infectieuses,2005,"[u'http://www.sciencedirect.com/science/article/pii/S1638623X05000120', u'http://linkinghub.elsevier.com/retrieve/pii/S1638623X05000120']",
10.1056/NEJM196301242680405,"Maire, B., Beghin, I., Delpeuch, F., et. al, Nutritional Surveillance: A Sustainable Operational Approach, , 2001",cited-by,5156739Nutritional Surveillance: A Sustainable Operational Approach,Nutritional Surveillance: A Sustainable Operational Approach,"[['B.', '', 'Maire'], ['I.', '', 'Beghin'], ['F.', '', 'Delpeuch'], ['P.', '', 'Kolsteren']]",,2001,"[u'http://www.itg.be/itg/GeneralSite/InfServices/Downloads/shsop19.pdf', u'http://dspace.itg.be/bitstream/10390/1560/1/shsop19.pdf']",./output/10.2105~AJPH.67.11.1063.pdf/citedby/5156739Nutritional Surveillance: A Sustainable Operational Approach
10.1056/NEJM196301242680405,"Neutel, C., Walop, W., , Where is the epidemiology in pharmacovigilance?, Pharmacoepidemiology and Drug Safety, 2000",cited-by,10.1002/1099-1557(200007/08)9:4<337::AID-PDS524>3.0.CO;2-B,Where is the epidemiology in pharmacovigilance?,"[['C.', 'Ineke', 'Neutel'], ['Wikke', '', 'Walop']]",Pharmacoepidemiology and Drug Safety,2000,[u'http://doi.wiley.com/10.1002/1099-1557%28200007/08%299%3A4%3C337%3A%3AAID-PDS524%3E3.0.CO%3B2-B'],
10.1056/NEJM196301242680405,"Xia, L., Wang, C., Li, L., et. al, The efficient full-wave analysis of microstrip antenna in multilayered media, , 2000",cited-by,10.1109/APMC.2000.926101,The efficient full-wave analysis of microstrip antenna in multilayered media,"[['Lan', '', 'Xia'], ['Chao-Fu', '', 'Wang'], ['Le-Wei', '', 'Li'], ['Pang-Shyan', '', 'Kooi'], ['Mook-Seng', '', 'Leong']]",,2000,"[u'http://ieeexplore.ieee.org/xpls/abs_all.jsp?arnumber=926101', u'http://ieeexplore.ieee.org/stamp/stamp.jsp?arnumber=00926101']",./output/10.2105~AJPH.67.11.1063.pdf/citedby/10.1109~APMC.2000.926101
10.1056/NEJM196301242680405,"Maire, B., Beghin, I., Delpeuch, F., et. al, La surveillance nutritionnelle une approche opérationnelle et durable, , 1999",cited-by,14344920La surveillance nutritionnelle une approche opérationnelle et durable,La surveillance nutritionnelle une approche opérationnelle et durable,"[['B.', '', 'Maire'], ['I.', '', 'Beghin'], ['F.', '', 'Delpeuch'], ['P.', '', 'Kolsteren'], ['A-M', 'Remaut de', 'Winter']]",,1999,[u'http://www.itg.be/itg/GeneralSite/InfServices/Downloads/shsop13.pdf'],./output/10.2105~AJPH.67.11.1063.pdf/citedby/14344920La surveillance nutritionnelle une approche opérationnelle et durable
10.1056/NEJM196301242680405,"Koo, D., Birkhead, G., , Prospects and challenges in implementing firearm-related injury surveillance in the United States, American Journal of Preventive Medicine, 1998",cited-by,10.1016/S0749-3797(98)00059-2,Prospects and challenges in implementing firearm-related injury surveillance in the United States,"[['Denise', '', 'Koo'], ['Guthrie', 'S.', 'Birkhead']]",American Journal of Preventive Medicine,1998,"[u'http://www.sciencedirect.com/science/article/pii/S0749379798000592', u'http://linkinghub.elsevier.com/retrieve/pii/S0749379798000592']",
10.1056/NEJM196301242680405,"Beeck, E., Mackenbach, J., , Future health scenarios as a tool in the surveillance of unintentional injuries, Health Policy, 1997",cited-by,10.1016/S0168-8510(96)00882-2,Future health scenarios as a tool in the surveillance of unintentional injuries,"[['Eduard', 'F. van', 'Beeck'], ['Johan', 'P.', 'Mackenbach']]",Health Policy,1997,"[u'http://www.sciencedirect.com/science/article/pii/S0168851096008822', u'http://linkinghub.elsevier.com/retrieve/pii/S0168851096008822', u'http://www.sciencedirect.com/science/article/B6V8X-3SWTGRC-2/2/898d0dfac14d071b34e948a75eb03b7a']",
10.1056/NEJM196301242680405,"Maciejewski, R., Rudolph, S., Tebbetts, G., et. al, Contextualizing Syndromic Hotspots - A Visual Analytics Approach, , 0",cited-by,5743818Contextualizing Syndromic Hotspots - A Visual Analytics Approach,Contextualizing Syndromic Hotspots - A Visual Analytics Approach,"[['Ross', '', 'Maciejewski'], ['Stephen', '', 'Rudolph'], ['George', '', 'Tebbetts'], ['David', 'S.', 'Ebert']]",,0,"[u'http://geoanalytics.net/GeoVisualAnalytics08/a03.pdf', u'http://pixel.ecn.purdue.edu:8080/~rmacieje/research/papers/2008/GVA_Context.pdf']",./output/10.2105~AJPH.67.11.1063.pdf/citedby/5743818Contextualizing Syndromic Hotspots - A Visual Analytics Approach
10.1056/NEJM196301242680405,"Waldman, E., , USOS DA VIGILNCIA E DA MONITORIZA˙ˆO EM SA⁄DE P⁄BLICA, , 0",cited-by,6740108USOS DA VIGILNCIA E DA MONITORIZA˙ˆO EM SA⁄DE P⁄BLICA,USOS DA VIGILNCIA E DA MONITORIZA˙ˆO EM SA⁄DE P⁄BLICA,"[['Eliseu', 'Alves', 'Waldman']]",,0,"[u'http://portalweb05.saude.gov.br/portal/arquivos/pdf/iesus_vol7_3_usos.pdf', u'http://portal.saude.gov.br/portal/arquivos/pdf/iesus_vol7_3_usos.pdf']",
10.1056/NEJM196301242680405,"Lewis, D., , Leading articles Antimicrobial resistance surveillance: methods will depend on objectives, , 0",cited-by,11012179Leading articles Antimicrobial resistance surveillance: methods will depend on objectives,Leading articles Antimicrobial resistance surveillance: methods will depend on objectives,"[['Deirdre', '', 'Lewis']]",,0,[u'http://jac.oxfordjournals.org/cgi/reprint/49/1/3.pdf'],./output/10.2105~AJPH.67.11.1063.pdf/citedby/11012179Leading articles Antimicrobial resistance surveillance: methods will depend on objectives
10.1056/NEJM196301242680405,"Fearnley, L., , Pathogens and the Strategy of Preparedness: Disease Surveillance in Civil Defense Planning, , 0",cited-by,11224326Pathogens and the Strategy of Preparedness: Disease Surveillance in Civil Defense Planning,Pathogens and the Strategy of Preparedness: Disease Surveillance in Civil Defense Planning,"[['Lyle', '', 'Fearnley']]",,0,[u'http://anthropos-lab.net/wp/publications/2007/01/fearn_pathogens.pdf'],./output/10.2105~AJPH.67.11.1063.pdf/citedby/11224326Pathogens and the Strategy of Preparedness: Disease Surveillance in Civil Defense Planning
10.1056/NEJM196301242680405,"Glickman, L., , LAHVA: Linked Animal-Human Health Visual Analytics Ross MaciejewskiBenjamin TynerYun JangCheng ZhengRimma V. Nehme� David S. EbertWilliam S. ClevelandMourad OuzzaniShaun J. Grannis, , 0",cited-by,11432799LAHVA: Linked Animal-Human Health Visual Analytics Ross MaciejewskiBenjamin TynerYun JangCheng ZhengRimma V. Nehme� David S. EbertWilliam S. ClevelandMourad OuzzaniShaun J. Grannis,LAHVA: Linked Animal-Human Health Visual Analytics Ross MaciejewskiBenjamin TynerYun JangCheng ZhengRimma V. Nehme� David S. EbertWilliam S. ClevelandMourad OuzzaniShaun J. Grannis,"[['Lawrence', 'T.', 'Glickman']]",,0,"[u'http://www.cs.purdue.edu/homes/mourad/publications/lahvaVAST2007.pdf', u'http://pixel.ecn.purdue.edu:8080/~rmacieje/research/papers/2007/VAST_LAHVA.pdf']",
10.1056/NEJM196301242680405,"WARNS-PETIT, P., ARTOIS, M., CALAVAS, D., , WILDLIFE BIOSURVEILLANCE, , 0",cited-by,11822937WILDLIFE BIOSURVEILLANCE,WILDLIFE BIOSURVEILLANCE,"[['Par', 'Eva', 'WARNS-PETIT'], ['Marc', '', 'ARTOIS'], ['Didier', '', 'CALAVAS']]",,0,[],
10.1056/NEJM196301242680405,"Liu, D., Cheng, M., Yen, H., et. al, INTEGRATED SEVEN INFLUENZA SURVEILLANCE SYSTEMS IN TAIWAN, , 0",cited-by,11918154INTEGRATED SEVEN INFLUENZA SURVEILLANCE SYSTEMS IN TAIWAN,INTEGRATED SEVEN INFLUENZA SURVEILLANCE SYSTEMS IN TAIWAN,"[['Ding-Ping', '', 'Liu'], ['Min-Chu', '', 'Cheng'], ['Hui-Lin', '', 'Yen'], ['Min-Shiuh', '', 'Lee'], ['Ching-Ping', '', 'Tsai'], ['Shin-Ru', '', 'Shih'], ['Happy', 'K', 'Shieh'], ['SF', '', 'Li'], ['Hsu-Mei', '', 'Hsu'], ['ShingJen', '', 'Twu'], ['J.', '', 'Cox'], ['Robert', 'G.', 'Webster']]",,0,[u'http://www.hsph.harvard.edu/research/takemi/files/rp170.pdf'],
10.1056/NEJM196301242680405,"KELSEY, H., , ""BRIGHT, AGGRESSIVE, AND ABRASIVE:"" A HISTORY OF THE CHIEF EPIDEMIC INTELLIGENCE SERVICE OFFICER OF THE U.S. CENTERS FOR DISEASE CONTROL AND PREVENTION, 1951 - 2006, , 0",cited-by,"11960982""BRIGHT, AGGRESSIVE, AND ABRASIVE:"" A HISTORY OF THE CHIEF EPIDEMIC INTELLIGENCE SERVICE OFFICER OF THE U.S. CENTERS FOR DISEASE CONTROL AND PREVENTION, 1951 - 2006","""BRIGHT, AGGRESSIVE, AND ABRASIVE:"" A HISTORY OF THE CHIEF EPIDEMIC INTELLIGENCE SERVICE OFFICER OF THE U.S. CENTERS FOR DISEASE CONTROL AND PREVENTION, 1951 - 2006","[['HUGH', 'J.', 'KELSEY']]",,0,[u'http://etd.gsu.edu/theses/available/etd-11102006-092322/unrestricted/kelsey_hugh_j_200612_ma.pdf'],
10.1056/NEJM196301242680405,"Wharton, M., Strebel, P., , Chapter 20: National Surveillance of Vaccine Preventable Diseases, , 0",cited-by,12756857Chapter 20: National Surveillance of Vaccine Preventable Diseases,Chapter 20: National Surveillance of Vaccine Preventable Diseases,"[['Melinda', '', 'Wharton'], ['Peter', 'M.', 'Strebel']]",,0,[],
10.1056/NEJM196301242680405,"Schuchat, A., , Bacterial and Other Infectious Diseases, , 0",cited-by,13224008Bacterial and Other Infectious Diseases,Bacterial and Other Infectious Diseases,"[['Anne', '', 'Schuchat']]",,0,[u'http://origin.cdc.gov/reproductivehealth/ProductsPubs/DatatoAction/pdf/chlt1.pdf'],
10.1056/NEJM196301242680405,"Brachman, P., , Public Health Surveillance, , 0",cited-by,10.1007/978-0-387-09843-2_2,Public Health Surveillance,"[['Philip', 'S.', 'Brachman']]",,0,"[u'http://www.springerlink.com/index/x847630342725780.pdf', u'http://www.springerlink.com/content/x847630342725780']",./output/10.2105~AJPH.67.11.1063.pdf/citedby/10.1007~978-0-387-09843-2_2
10.2105~AJPH.67.11.1063.pdf,"Acute Conditions, Incidence and Associated Disability, United States. P.H.S. Publication No. 1000, Series 10, Nos. 1, 10, 15, KAVET 26, 38, 44, 54, 69, 77 (1962-1970), Washington, DC: U.S. Government Printing Office, 1963-1972.",references,NOT found in MAS
10.2105~AJPH.67.11.1063.pdf,"Influenza-Respiratory Disease Surveillance. Report No. 83, 1967, Center for Disease Control, Atlanta, GA.",references,NOT found in MAS
10.2105~AJPH.67.11.1063.pdf,"Schwarzmann, S. W., Adler, J. L., Sullivan, R. J. Jr., et al. Bacterial pneumonia during the Hong Kong influenza epidemic of 1968-1969. Arch. Intern. Med. 127:1037-1041, 1971.",references,NOT found in MAS
10.2105~AJPH.67.11.1063.pdf,"Length of Stay in PAS Hospitals, United States 1969. Commission on Professional and Hospital Activities, 1970, Ann Arbor, MI, p. 55.",references,NOT found in MAS
10.2105~AJPH.67.11.1063.pdf,"Rice, D. Estimating the Cost of Illness. P.H.S. Publication No. 974-6, Washington, DC: U.S. Government Printing Office, 1966.",references,NOT found in MAS
10.2105~AJPH.67.11.1063.pdf,"Kavet, J. Influenza and Public Policy. Unpublished Dissertation, Harvard University, 1972.",references,NOT found in MAS
10.2105~AJPH.67.11.1063.pdf,"Economic Costs of Cardiovascular Diseases and Cancer, 1962. P.H.S. Publication No. 974-5, Washington, DC: U.S. Government Printing Office, 1976.",references,NOT found in MAS
10.2105~AJPH.67.11.1063.pdf,"The Consumer Price Index. U.S. Department of Labor, Bureau of Labor Statustics, Washington, DC: U.S. Government Printing Office, July 1962-January 1969.",references,NOT found in MAS
10.2105~AJPH.67.11.1063.pdf,"Relative Value Studies, 1964. Committee on Fees of the Commission on Medical Services, California Medical Association, San Francisco, California.",references,NOT found in MAS
10.2105~AJPH.67.11.1063.pdf,"Prescription Drug Industry Fact Book, 1968 edition. Washington, DC: Pharmaceutical Manufacturers Association, p. 62.",references,NOT found in MAS
10.2105~AJPH.67.11.1063.pdf,"Klarman, H. E. The Economics of Health, New York: Columbia University Press, 1965.",references,NOT found in MAS
10.2105~AJPH.67.11.1063.pdf,"Prest, A. R. and Turvey, R. Cost benefit analysis: A Survey. Economic Journal 75:683-735, 1969.",references,NOT found in MAS
10.2105~AJPH.67.11.1063.pdf,"Brody, W. H. Economic value of a housewife. Social Security Administration, Office ofResearch and Statistics, Research and Statistics Note No. 9, Washington, DC: U.S. Government Printing Office, 1975.",references,NOT found in MAS
10.2105~AJPH.67.11.1063.pdf,"Langmuir, A. D., Henderson, D. A., Serfling, R. E. The epidemiologic basis for the control of influenza. Am. J. Pub. Hlth. 54:563-571, 1964.",references,NOT found in MAS
10.2105~AJPH.67.11.1063.pdf,"Schoenbaum, S. C., McNeil, B. J., Kavet, J. The Swine-influenza decision. N. Eng. J. Med. 295:759-765, 1976.",references,10.1056/NEJM197609302951405,The Swine-Influenza Decision,"[[u'Stephen', u'C.', u'Schoenbaum'], [u'Barbara', u'J.', u'McNeil'], [u'Joel', u'', u'Kavet']]",New England Journal of Medicine,1976,[u'http://www.nejm.org/doi/abs/10.1056/NEJM197609302951405'],./output/10.2105~AJPH.67.11.1063.pdf/10.1056~NEJM197609302951405
10.1056/NEJM197609302951405,"Meltzer, M., Cox, N., Fukuda, K., , The Economic Impact of Pandemic Influenza in the United States: Priorities for Intervention, Emerging Infectious Diseases, 1999",cited-by,10.3201/eid0505.990507,The Economic Impact of Pandemic Influenza in the United States: Priorities for Intervention,"[['Martin', 'I.', 'Meltzer'], ['Nancy', 'J.', 'Cox'], ['Keiji', '', 'Fukuda']]",Emerging Infectious Diseases,1999,"[u'http://www.cdc.gov/ncidod/eid/vol5no5/meltzer.htm', u'http://cphfoundation.org/documents/econimpactofpandemicflu_000.pdf']",./output/10.2105~AJPH.67.11.1063.pdf/citedby/10.3201~eid0505.990507
10.1056/NEJM197609302951405,"Luce, B., Elixhauser, A., , Estimating Costs in the Economic Evaluation of Medical Technologies, International Journal of Technology Assessment in Health Care, 1990",cited-by,10.1017/S026646230000893X,Estimating Costs in the Economic Evaluation of Medical Technologies,"[['Bryan', 'R.', 'Luce'], ['Anne', '', 'Elixhauser']]",International Journal of Technology Assessment in Health Care,1990,[u'http://www.journals.cambridge.org/abstract_S026646230000893X'],./output/10.2105~AJPH.67.11.1063.pdf/citedby/10.1017~S026646230000893X
10.1056/NEJM197609302951405,"Sencer, D., Millar, J., , Reflections on the 1976 Swine Flu Vaccination Program, , 0",cited-by,10080917Reflections on the 1976 Swine Flu Vaccination Program,Reflections on the 1976 Swine Flu Vaccination Program,"[['David', 'J.', 'Sencer'], ['J.', 'Donald', 'Millar']]",,0,"[u'http://shtcm.net/ref_h1n1/reflections%20on%20the%201976%20swine%20flu%20vaccination%20program.pdf', u'http://www.cdc.gov/ncidod/EID/vol12no01/pdfs/05-1007.pdf', u'http://origin.cdc.gov/ncidod/EID/vol12no01/pdfs/05-1007.pdf']",./output/10.2105~AJPH.67.11.1063.pdf/citedby/10080917Reflections on the 1976 Swine Flu Vaccination Program
10.1056/NEJM197609302951405,"Dowdle, W., , Influenza Pandemic Periodicity, Virus Recycling, and the Art of Risk Assessment, , 0",cited-by,"10577761Influenza Pandemic Periodicity, Virus Recycling, and the Art of Risk Assessment","Influenza Pandemic Periodicity, Virus Recycling, and the Art of Risk Assessment","[['Walter', 'R.', 'Dowdle']]",,0,"[u'http://origin.cdc.gov/ncidod/EID/vol12no01/pdfs/05-1013.pdf', u'http://www.cdc.gov/ncidod/EID/vol12no01/pdfs/05-1013.pdf']","./output/10.2105~AJPH.67.11.1063.pdf/citedby/10577761Influenza Pandemic Periodicity, Virus Recycling, and the Art of Risk Assessment"
10.1056/NEJM197609302951405,"Drummond, M., , The future of pharmacoeconomics: bridging science and practice, Clinical Therapeutics, 1996",cited-by,10.1016/S0149-2918(96)80053-1,The future of pharmacoeconomics: bridging science and practice,"[['Michael', 'F.', 'Drummond']]",Clinical Therapeutics,1996,"[u'http://www.sciencedirect.com/science/article/pii/S0149291896800531', u'http://linkinghub.elsevier.com/retrieve/pii/S0149291896800531']",
10.1056/NEJM197609302951405,"Postma, M., Baltussen, R., Heijnen, M., et. al, Pharmacoeconomics of Influenza Vaccination in the Elderly: Reviewing the Available Evidence, Drugs & Aging, 2000",cited-by,10.2165/00002512-200017030-00005,Pharmacoeconomics of Influenza Vaccination in the Elderly: Reviewing the Available Evidence,"[['Maarten', 'J.', 'Postma'], ['Rob', 'M. P. M.', 'Baltussen'], ['Marie-Louise', 'A.', 'Heijnen'], ['Lolkje', 'T. W. de Jong-van den', 'Berg'], ['Johannes', 'C.', 'Jager']]",Drugs & Aging,2000,"[u'http://www.sff.fmns.rug.nl/downloads/2000/16_postma_2000.pdf', u'http://content.wkhealth.com/linkback/openurl?sid=WKPTLP:landingpage&an=00002512-200017030-00005']",
10.1056/NEJM197609302951405,"Allsup, S., Gosney, M., Haycox, A., et. al, Cost-benefit evaluation of routine influenza immunisation in people 65-74 years of age, , 2003",cited-by,13342033Cost-benefit evaluation of routine influenza immunisation in people 65-74 years of age,Cost-benefit evaluation of routine influenza immunisation in people 65-74 years of age,"[['S', '', 'Allsup'], ['M', '', 'Gosney'], ['A', '', 'Haycox'], ['M', '', 'Regan']]",,2003,[u'http://www.ppge.ufrgs.br/ats/disciplinas/9/allsup-gosney-haycox-2003.pdf'],
10.1056/NEJM197609302951405,"Holm, M., Gyldmark, M., Hansen, E., , Pharmacoeconomic assessment of oseltamivir in treating influenza – the case of otherwise healthy Danish adolescents and adults, Pharmacy World & Science, 2004",cited-by,10.1007/s11096-004-0559-2,Pharmacoeconomic assessment of oseltamivir in treating influenza – the case of otherwise healthy Danish adolescents and adults,"[['Majbrit', 'Vindt', 'Holm'], ['Marlene', '', 'Gyldmark'], ['Ebba', 'Holme', 'Hansen']]",Pharmacy World & Science,2004,"[u'http://www.springerlink.com/index/m52624t326485235.pdf', u'http://www.springerlink.com/content/m52624t326485235', u'http://www.springerlink.com/index/10.1007/s11096-004-0559-2', u'http://www.springerlink.com/index/pdf/10.1007/s11096-004-0559-2']",./output/10.2105~AJPH.67.11.1063.pdf/citedby/10.1007~s11096-004-0559-2
10.1056/NEJM197609302951405,"Neumann, P., Levine, B., , Do HEDIS measures reflect cost-effective practices?, American Journal of Preventive Medicine, 2002",cited-by,10.1016/S0749-3797(02)00516-0,Do HEDIS measures reflect cost-effective practices?,"[['Peter', 'J', 'Neumann'], ['Bat-Sheva', '', 'Levine']]",American Journal of Preventive Medicine,2002,"[u'http://www.sciencedirect.com/science/article/pii/S0749379702005160', u'http://linkinghub.elsevier.com/retrieve/pii/S0749379702005160']",
10.1056/NEJM197609302951405,"Khan, Z., Miller, D., , Modeling economic evaluations of pharmaceuticals: manipulation or valuable tool?, Clinical Therapeutics, 1999",cited-by,10.1016/S0149-2918(99)80011-3,Modeling economic evaluations of pharmaceuticals: manipulation or valuable tool?,"[['Zeba', 'M.', 'Khan'], ['David', 'W.', 'Miller']]",Clinical Therapeutics,1999,"[u'http://www.sciencedirect.com/science/article/pii/S0149291899800113', u'http://linkinghub.elsevier.com/retrieve/pii/S0149291899800113']",
10.1056/NEJM197609302951405,"Miller, M., , Considerations for adding pneumonia and influenza vaccines to public health programmes, Vaccine, 1999",cited-by,10.1016/S0264-410X(99)00115-2,Considerations for adding pneumonia and influenza vaccines to public health programmes,"[['Mark', 'A', 'Miller']]",Vaccine,1999,"[u'http://www.sciencedirect.com/science/article/pii/S0264410X99001152', u'http://linkinghub.elsevier.com/retrieve/pii/S0264410X99001152']",
10.1056/NEJM197609302951405,"Wortman, P., Yeaton, W., , The teaching of evaluation in health settings: University of Michigan, New Directions for Program Evaluation, 1986",cited-by,10.1002/ev.1418,The teaching of evaluation in health settings: University of Michigan,"[['Paul', 'M.', 'Wortman'], ['William', 'H.', 'Yeaton']]",New Directions for Program Evaluation,1986,[u'http://doi.wiley.com/10.1002/ev.1418'],./output/10.2105~AJPH.67.11.1063.pdf/citedby/10.1002~ev.1418
10.1056/NEJM197609302951405,"Hocking, B., , Benefits and Costs of Influenza Immunization in the Workforce, Asia Pacific Journal of Human Resources, 1989",cited-by,10.1177/103841118902700409,Benefits and Costs of Influenza Immunization in the Workforce,"[['Bruce', '', 'Hocking']]",Asia Pacific Journal of Human Resources,1989,"[u'http://apj.sagepub.com/cgi/doi/10.1177/103841118902700409', u'http://dx.doi.org/10.1177/103841118902700409']",./output/10.2105~AJPH.67.11.1063.pdf/citedby/10.1177~103841118902700409
10.1056/NEJM197609302951405,"Pearlman, L., , THE IMPLICATIONS OF COST-EFFECTIVENE SS ANALYSIS OF MEDICAL TECHNOLOGY, , 0",cited-by,13051528THE IMPLICATIONS OF COST-EFFECTIVENE SS ANALYSIS OF MEDICAL TECHNOLOGY,THE IMPLICATIONS OF COST-EFFECTIVENE SS ANALYSIS OF MEDICAL TECHNOLOGY,"[['Laurie', 'A.', 'Pearlman']]",,0,[],
10.2105~AJPH.67.11.1063.pdf,"Acute Conditions, Seasonal Variations. P.H.S. Publication No. 584-B33, Washington, DC: U.S. Government Printing Office, 1962.",references,NOT found in MAS
10.2105~AJPH.67.11.1063.pdf,"Influenza-Respiratory Disease Surveillance. Report Nos. 71-86, 1962-1970, Center for Disease Control, Atlanta, GA.",references,NOT found in MAS
10.2105~AJPH.67.11.1063.pdf,"Schoenbaum, S. C., Coleman, M. T., Dowdle, W. R., Mostow, S. R. Epidemiology of influenza in the elderly: Evidence of virus recycling. Am. J. Epidemiol. 103:166-173, 1976.",references,NOT found in MAS
10.2105~AJPH.67.11.1063.pdf,"Kavet, J. Trends in the utilization of influenza vaccine: An examination of the implementation of public policy in the United States. In Influenza: Virus, Vaccines, Strategy. Selby, P., Ed. New York: Academic Press, 1976, pp 297-308.",references,NOT found in MAS
10.2105~AJPH.67.11.1063.pdf,"National Health Promotion and Disease Prevention Act of 1976. Report No. 94-1007 to accompany H.R. 12678, 1976, U.S. House of Representatives, Washington, DC, p. 15.",references,NOT found in MAS
10.2105~AJPH.67.11.1063.pdf,"Ibid. p. 14. I Dr. Feldman to Deliver Memorial Lecture The Eighth Annual Thomas Francis, Jr. Memorial Lecture will be given at the University of Michigan, School of Public Health, in Ann Arbor on Monday, November 21, 1977 at 4 PM by Dr. Harry A. Feldman, Professor and Chairman, Department of Preventive Medicine, State University of New York, Upstate Medical Center, Syracuse. The title of the lecture will be ""The Meningococcus: An Enigma Wrapped in Sugar."" Each year the Francis Lecturer is selected by a committee composed of the five most recent past presidents of the American Epidemiological Society. The Chairman of this year's selection committee is Dr. William S. Jordan, Jr., Director of the Microbiology and Infectious Diseases Program at the National Institute of Allergy and Infectious Diseases, Bethesda, Maryland. The lectureship is supported by an endowment fund developed from contributions made by colleagues and friends of the late Thomas Francis, Jr. 1070 AJPH November 1977, Vol. 67, No. 1 1",references,NOT found in MAS
